20-11-2017,08:12
20-11-2017,18:57
21-11-2017,07:49
21-11-2017,19:46
22-11-2017,07:56
22-11-2017,12:18
22-11-2017,15:23
22-11-2017,16:42
22-11-2017,17:00
22-11-2017,19:56
22-11-2017,23:36
23-11-2017,07:56
23-11-2017,18:56
24-11-2017,07:38
24-11-2017,20:41
25-11-2017,09:17
25-11-2017,20:02
26-11-2017,09:43
26-11-2017,13:10
26-11-2017,18:55
27-11-2017,07:43
27-11-2017,22:16
28-11-2017,07:57
28-11-2017,19:17
29-11-2017,07:31
29-11-2017,18:47
30-11-2017,08:11
30-11-2017,19:53
01-12-2017,08:20
01-12-2017,20:38
02-12-2017,08:33
02-12-2017,19:41
03-12-2017,08:34
03-12-2017,12:34
03-12-2017,18:56
04-12-2017,07:44
04-12-2017,18:31
05-12-2017,07:46
05-12-2017,19:12
06-12-2017,08:03
06-12-2017,21:29
07-12-2017,08:19
07-12-2017,19:06
08-12-2017,08:18
08-12-2017,20:50
09-12-2017,10:50
10-12-2017,11:15
10-12-2017,20:10
11-12-2017,08:08
11-12-2017,19:30
11-12-2017,22:30
12-12-2017,07:46
12-12-2017,20:26
13-12-2017,08:26
13-12-2017,20:36
14-12-2017,07:48
14-12-2017,19:43
15-12-2017,07:17
15-12-2017,15:49
16-12-2017,10:01
16-12-2017,15:11
16-12-2017,21:29
17-12-2017,09:25
17-12-2017,20:51
18-12-2017,08:31
18-12-2017,19:50
19-12-2017,08:33
19-12-2017,10:18
19-12-2017,21:02
20-12-2017,08:19
20-12-2017,19:23
21-12-2017,08:19
21-12-2017,20:24
21-12-2017,22:30
22-12-2017,08:24
22-12-2017,19:30
22-12-2017,22:56
23-12-2017,04:15
23-12-2017,09:50
23-12-2017,15:13
23-12-2017,20:13
24-12-2017,09:21
24-12-2017,13:34
24-12-2017,20:42
25-12-2017,10:08
25-12-2017,19:54
26-12-2017,09:57
26-12-2017,20:23
27-12-2017,10:14
27-12-2017,19:38
28-12-2017,10:37
28-12-2017,16:03
28-12-2017,17:36
28-12-2017,20:07
29-12-2017,10:43
29-12-2017,16:59
29-12-2017,19:23
30-12-2017,10:28
30-12-2017,14:38
30-12-2017,15:06
30-12-2017,20:58
31-12-2017,01:48
31-12-2017,10:38
31-12-2017,15:17
31-12-2017,17:02
31-12-2017,22:25
01-01-2018,02:34
01-01-2018,10:46
02-01-2018,00:00
02-01-2018,10:00
02-01-2018,20:49
03-01-2018,08:16
03-01-2018,19:40
04-01-2018,01:08
04-01-2018,09:46
04-01-2018,11:31
04-01-2018,14:38
04-01-2018,18:46
05-01-2018,10:17
05-01-2018,11:55
05-01-2018,14:54
05-01-2018,18:08
05-01-2018,22:12
06-01-2018,10:02
06-01-2018,12:28
06-01-2018,16:30
06-01-2018,23:26
06-01-2018,23:51
07-01-2018,11:00
07-01-2018,13:37
07-01-2018,16:31
07-01-2018,19:21
07-01-2018,20:50
07-01-2018,23:25
08-01-2018,07:46
08-01-2018,18:18
08-01-2018,21:23
09-01-2018,08:08
09-01-2018,19:48
10-01-2018,08:18
10-01-2018,14:05
10-01-2018,16:45
10-01-2018,17:59
10-01-2018,19:33
10-01-2018,20:29
10-01-2018,22:02
11-01-2018,08:31
11-01-2018,12:25
11-01-2018,13:29
11-01-2018,16:44
11-01-2018,18:44
11-01-2018,20:58
11-01-2018,22:18
12-01-2018,08:30
12-01-2018,12:20
12-01-2018,15:06
12-01-2018,17:05
12-01-2018,19:31
12-01-2018,21:06
13-01-2018,09:33
13-01-2018,12:14
13-01-2018,13:31
13-01-2018,16:05
13-01-2018,19:05
13-01-2018,20:58
14-01-2018,10:16
14-01-2018,12:44
14-01-2018,14:44
14-01-2018,19:44
14-01-2018,21:44
15-01-2018,07:50
15-01-2018,20:51
16-01-2018,08:00
16-01-2018,18:29
17-01-2018,08:00
17-01-2018,14:14
17-01-2018,19:00
18-01-2018,07:43
18-01-2018,12:09
18-01-2018,17:00
18-01-2018,19:08
18-01-2018,22:13
19-01-2018,07:53
19-01-2018,12:16
19-01-2018,15:13
19-01-2018,19:11
20-01-2018,07:56
20-01-2018,11:56
20-01-2018,13:29
20-01-2018,19:50
21-01-2018,09:51
21-01-2018,17:00
21-01-2018,20:09
21-01-2018,21:23
22-01-2018,07:36
22-01-2018,18:00
23-01-2018,07:54
23-01-2018,19:30
24-01-2018,07:37
24-01-2018,13:39
24-01-2018,16:39
